tweet.id,Label
"b'ada yang udah baca isi permendikbud no.30 tentang PPKS ? kalau ada boleh dong dm, butuh temen diskusi buat bikin kajian, thank you.'",Positive
"b'Aksi Tolak Permen PPKS, Cegah Perzinaan dengan Syariah | Serba-serbi MMC\n\n.\n\nhttps://t.co/LRcJqK4yTD https://t.co/UsFft22hGo'",Negative
"b'Aksi Tolak Permen PPKS, Cegah Perzinaan dengan Syariah | Serba-serbi MMC\n\n Apa saja yang disampaikan dalam aksi kem\xe2\x80\xa6 https://t.co/RtAHY1CpjK'",Negative
"b'Aksi Tolak Permen PPKS, Cegah Perzinaan dengan Syariah | Serba-serbi MMC https://t.co/pV1MlSHVPo lewat @YouTube'",Negative
"b'Aksi Tolak Permen PPKS, Cegah Perzinaan dengan Syariah | Serba-serbi MMC\n\nhttps://t.co/hsulR67fsL\n\nJangan lupa shar\xe2\x80\xa6 https://t.co/u3dXa7UvjZ'",Negative
"b'Aksi Tolak Permen PPKS, Cegah Perzinaan dengan Syariah | Serba-serbi MMC\n\nApa saja yang disampaikan dalam aksi kema\xe2\x80\xa6 https://t.co/QebJ7AFdgz'",Negative
"b'Aksi Tolak Permen PPKS, Cegah Perzinaan dengan Syariah | Serba-serbi MMC\n\nSebagai bentuk reaksi atas disahkannya Pe\xe2\x80\xa6 https://t.co/yvwYjIlhUj'",Negative
"b'Aksi Tolak Permen PPKS, Cegah Perzinaan dengan Syariah | Serba-serbi MMC\nSebagai bentuk reaksi atas disahkannya Per\xe2\x80\xa6 https://t.co/sH4S2nYg6R'",Negative
"b'Aksi Tolak Permen PPKS, Cegah Perzinaan dengan Syariah | Serba-serbi MMC\nSimak selengkapnya dalam video berikut!\xe2\x80\xa6 https://t.co/BHHmrlsuvg'",Negative
"b'Aksi tolak permen PPKS, cegah perzinahan dengan syariah\n\nhttps://t.co/H5IYvCr0Uz\n\n#Permendikbutristek\n#AksiTolakPermendikbutristek\n#MMC'",Negative
b'aku ingatkan dolok MoM tuk sik penting \xf0\x9f\xa4\xa3 tapi serious talk dekat KV ppks dolok eh arumbulak semua student pande pol\xe2\x80\xa6 https://t.co/2wQuDDwRfk',Negative
"b'Al-Baqarah 41: Janganlah kamu jual ayat-ayat-Ku dengan harga murah, tp bagi kelompok yg jg menolak Permendikbudrist\xe2\x80\xa6 https://t.co/F7sdbkRSIQ'",Positive
"b'Alhamdulillah, Permendikbud PPKS membuat korban aman dan bisa bersuara. Semoga korban mendapat keadilan dan pelaku\xe2\x80\xa6 https://t.co/JfrAIXxvYa'",Positive
"b'Alhasil bagi kalangan yang mendukung Permen PPKS, menganggap bahwa Permen ini sebagai terobosan karena ""berperspekt\xe2\x80\xa6 https://t.co/Ty1JLMwN6S'",Positive
b'Anak Korban Covid-19 Kota #Madiun Dapat Bantuan Atensi Kemensos \xe2\x80\x93 #MadiunInfo #InformasiMadiun #beritamadiun\xe2\x80\xa6 https://t.co/yNPNZ1RiNd',Negative
b'Aneh... apa yg salah dg khilafah? Jika memang itu memiliki seperangkat aturan komprehensif untuk menjaga kemuliaan\xe2\x80\xa6 https://t.co/vY2GGhFa2h',Positive
b'Apa kemungkinan Permendikbud PPKS dicabut? Aplg ini politis selain serang Presiden jg sasar kursi kemendikbud. Sy b\xe2\x80\xa6 https://t.co/NP7sfbB7cM',Positive
b'Apa saja isi dari peraturan tersebut? \xf0\x9f\xa4\x94 Simak informasi berikut untuk lebih memahami hal-hal apa saja yang diatur o\xe2\x80\xa6 https://t.co/gFsfmKHTwz',Positive
"b'@catchmeupid @farzis apakah bakal dipelintir menjadi ""Permendikbud PPKS menjadikan negara gaduh."" ???'",Positive
"b'apalagi kalo artikelnya penuh kata2 mutiara macam ""merangsek, bergumul, dikorting, baku hantam, digilir, dan istila\xe2\x80\xa6 https://t.co/dxqdJm842r'",Negative
b'Artikel itu hanyalah satu dari tujuh laporan utama yang dirilis di Majalah Tempo. Keenam artikel yang lain disajika\xe2\x80\xa6 https://t.co/r8Hulw1Uqk',Positive
b'Artikel terbaru saya di Kolom @detikcom merespon untuk segera mengesahkan RUU TPKS dan poin penting Permendikbudris\xe2\x80\xa6 https://t.co/B0xGE2HfnZ',Positive
"b'Audiensi dengan DDII Jabar, Yod Mintaraga Minta Permendikbud Tentang PPKS untuk di Revisi  https://t.co/E2RH6omidt'",Negative
"b'Ayo, dukung pengimplementasian Permendikbudristek PPKS demi mewujudkan pemenuhan hak atas keadilan bagi setiap oran\xe2\x80\xa6 https://t.co/FVPwRKVmFv'",Positive
"b'Ayo Medan, jangan terima anak didik dirasuki seperti ini.\n\nhttps://t.co/fI3ZinSz53\n\nSejumlah mahasiswa menggelar de\xe2\x80\xa6 https://t.co/Nq7ZAk4fWd'",Negative
b'Baca selengkapnya di https://t.co/ZWrAMszHsd\n\n#pers #mahasiswa #persma #lpminstitut #uinjakarta #permendikbud #ppks\xe2\x80\xa6 https://t.co/CLcxyss2Xw',Negative
b'Bacain tweet orang yang nolak Permen PPKS gue marah banget astaga. \nPunya hobi kok ngelindungin Penjahat Kelamin.',Negative
b'Bacain tweet orang yang nolak Permen PPKS gue marah banget astaga. Punya hobi kok ngelindungin Penjahat Kelamin.',Negative
b'Bagaimana dosis pupuk tunggal TBM kelapa sawit pada tanah mineral?\n.\nSimak informasi ini dan bagikan kepada teman-t\xe2\x80\xa6 https://t.co/CjRyoFPBAV',Negative
b'Bagaimana keunggulan tanaman ini untuk kesehatan maupun pendapatan khususnya bagi pekebun sawit?\nSimak PPKS Note be\xe2\x80\xa6 https://t.co/oFHzSljGLe',Negative
b'Bagus juga ya setelah ada Permendikbud PPKS makin banyak yg speak up...\n\nNgga semua yang dijunjung itu bertahan kar\xe2\x80\xa6 https://t.co/SGoQRkkXHc',Positive
b'@rlgxg Bahas kasus korupsi di indonesia dan permendikbud ppks',Positive
"b'Baik kubu pro atau kontra, masing-masing memiliki basis argumen dalam menyampaikan pendapatnya. Seperti apa perbeda\xe2\x80\xa6 https://t.co/irkPmWauqd'",Positive
b'Banyak perguruan tinggi yang menyiapkan peraturan turunan untuk memperkuat Permendikbudristek Tahun 2021 Nomor 30 t\xe2\x80\xa6 https://t.co/NPPCHj5WJA',Positive
"b'@DivHumas_Polri @GilangDirga @MariaVaniaa @cakra @DA4_Aulia Bapak/Ibu Polisi, pemerintah sudah membubarkan HTI, tap\xe2\x80\xa6 https://t.co/yoBYY2pQxE'",Positive
b'Baru permendikbud ppks aja laporannya langsung segunung.. gimana kalo ruupks disahin.. Apa ga kebelah ni negara sam\xe2\x80\xa6 https://t.co/TSbl6vgQjg',Negative
"b'beginilah kalau memberangus serba tanggung, mestinya tetapkan (ideologi) hizbut tahrir &amp; ikhwanul muslimin sbg ideo\xe2\x80\xa6 https://t.co/mR5lL7D3z9'",Negative
"b'BEM FH Unmul desak pihak Rektor terkait implementasi Permendikbud PPKS. Apa saja yang menjadi perhatian?\n\nSimak,\xe2\x80\xa6 https://t.co/baeGsFL9Za'",Positive
b'BEM UGM Dukung Implementasi Permendikbud-Ristek Nomor 30/2021 PPKS https://t.co/avw4Jc3jGs',Positive
"b'@bertanyarl berarti selama ini bnyk yg ngalamin tpi gamau speak up krn ngerasa gada payung untuk mereka, bayangin b\xe2\x80\xa6 https://t.co/bd5UVCGNf4'",Positive
"b'BESOK\nAksi 16 HAKTP\n\nDukung Permendikbud Ristek PPKS,\nAmankan RUU TPKS\nSahkan RUU PPRT\n\n#16HAKTP\xe2\x80\xa6 https://t.co/vXccBi53a4'",Positive
"b'@cioberaccount @kitrsune @wafflekies01 @bertanyarl Betul bgtt, ini fokus aspek PKS-nya lah. Hal\xc2\xb2 terkait hasil cons\xe2\x80\xa6 https://t.co/sAuqMsSBls'",Positive
"b'Betul penting. Namun coret kata "" tanpa persetujuan perempuan / korban "". Jika frasa ini digunakan dlm UU atau dlm\xe2\x80\xa6 https://t.co/SbaUHkZcuI'",Negative
"b'Buat apa sih masukin soal seks luar kawin di Permen PPKS, out of context banget kan? Buat apa juga diatur ulang soa\xe2\x80\xa6 https://t.co/aux3lPRKJi'",Negative
"b'Cari tempatmu sana, bukan di Bumi Indonesia. \nhttps://t.co/aX7NVZa8J8'",Positive
"b'@wafflekies01 @bertanyarl CMIIW, permendikbud ppks isinya ya ttg pelecehan, yg artinya ""paksaan"" ada korban dan ada\xe2\x80\xa6 https://t.co/hy5DA8Mqxm'",Negative
"b'Dah hampir 3 minggu PTM saat pandemi, gantiin guru kelas 1 yg lg ada urusan PPKS, ngasih tebak2an penghitungan, 6-4\xe2\x80\xa6 https://t.co/Me10Ga8WBM'",Negative
"b'@FarahHaeN Dan, karena gue bukan anak hukum, kayaknya lebih enak diskusinya sama yang ngerti kekuatan peraturan itu\xe2\x80\xa6 https://t.co/LtXJMgjfxm'",Positive
b'Dapatkan koleksi buku PPKS dengan mudah melalui Visit PPKS\n.\nJadikan buku dari PPKS sebagai pedoman berkebun sawit\xe2\x80\xa6 https://t.co/P1ivqclwPd',Positive
"b'Dari RUU PKS sampai Permendikup PPKS, nyatanya kekerasan seksual tak pernah berhenti. Ke depan apalagi? Fix! Gak us\xe2\x80\xa6 https://t.co/6LDWhjrqCu'",Negative
b'Dari sini nampak jelas bahwa dalam Permen PPKS ini masih menyisakan PR bagi penanganan seks bebas di lingkungan Per\xe2\x80\xa6 https://t.co/T8RqeMGgoM',Negative
"b'Dari sudut pandangmu, kenapa sih kasus seperti ini bisa terjadi? Bahkan melibatkan anak-anak di bawah umur.\n\nBukank\xe2\x80\xa6 https://t.co/KoivLesZ6f'",Positive
"b'Datangi DPRD, Dewan Da\xe2\x80\x99wah Jabar Minta Permendikbudristek PPKS Segera Dicabut https://t.co/uMiDDA9BfZ lewat @suaraislam_id'",Negative
b'Delegasi Uni Eropa sambut baik pengesahan Permendikbud 30 Tahun 2021 tentang PPKS https://t.co/9FTMVNDLfZ',Positive
b'Delegasi Uni Eropa Sambut Baik Pengesahan Permendikbudristek PPKS https://t.co/yTxqQ2dW7q',Positive
"b'Demonstrasi mahasiswa di Medan terkait Permendikbud PPKS menjadi sorotan. Pasalnya dalam unjuk rasa itu, mahasiswa\xe2\x80\xa6 https://t.co/xz3pso3UZv'",Negative
"b'Dengan alasan mencegah kekerasan seksual di lingkungan kampus, Mendikbud Nadiem Makarim mengeluarkan Permendikbud N\xe2\x80\xa6 https://t.co/1BtRTp94MV'",Positive
"b'Dengan hadirnya payung hukum Permendikbud PPKS, harapannya dapat menjadi jalur yang konsisten dalam menciptakan rua\xe2\x80\xa6 https://t.co/NUsEg92XsZ'",Positive
"b'Di saat orang sudah berpolemik terkait Permendikbud PPKS, kamu malah baru berbantah-bantahan mengenai keharaman Crypto.'",Positive
b'@muslimahnewscom Diduga ketergesaan ini krn ada nya presure dari kafir barat guna meloloskan PPKS yg jg merupakan agenda mrk..wallohualam',Negative
"b'Dinilai Bertentangan Syariat Islam dan Pancasila, KAMMI Maluku Tolak Permendikbudristek PPKS https://t.co/bsZbBPe1rh'",Negative
"b""@bertanyarl Diterapkan Pemendikbud PPKS membuat korban punya 'kekuatan'. Jd korban nggak mudah rek. Sisi traumatis,\xe2\x80\xa6 https://t.co/tUYHRTDwLo""",Positive
b'DPRD Jabar: Permendikbud PPKS Harus Dicabut dan Tolak RUU TPKS\n\nhttps://t.co/KYGy4e3Rvo\n\n#Jabarnews #beritalokal\xe2\x80\xa6 https://t.co/sXalRYeLbP',Negative
b'DPRD Jabar : Permendikbud PPKS Harus Dicabut dan Tolak RUU\xc2\xa0TPKS https://t.co/97nvaOm2Fq',Negative
b'DPRK Banda Aceh: DPRK Banda Aceh Minta Permen 30 Tahun 2021 tentang PPKS Dikaji Ulang https://t.co/5TSa9g4OR5',Negative
b'entah kenapa gw suka denger pembahasan permen ppks',Positive
b'Etahe ! \nMalu pulak aku punya marga baca ulah akka si borjong ini \n\nGak ada otak kelen kutengok\nMau jadi terorist k\xe2\x80\xa6 https://t.co/VSl5uTOHPV',Negative
b'Figur-figur yang paling banyak dikutip media massa daring (top influencer) didominasi penolak Permendikbudristek PP\xe2\x80\xa6 https://t.co/tKGomLSLKW',Negative
"b'#Fokus\n#MuslimahNewsCom \xe2\x80\x94 Sungguh teramat sayang, suara mahasiswa terbelah dalam menyikapi kehadiran Permen PPKS. B\xe2\x80\xa6 https://t.co/h9Bim1rVNU'",Negative
b'#Fokus \xe2\x80\x94  Keterbelahan suara mahasiswa (muslim) dalam menyikapi Permen PPKS bukan tanpa sebab. Mahasiswa sampai saa\xe2\x80\xa6 https://t.co/1ouOoUxd3A',Negative
"b'#Fokus \xe2\x80\x94 Sungguh sayang, suara mahasiswa terbelah dalam menyikapi kehadiran Permen PPKS. Berbeda dengan suara mahas\xe2\x80\xa6 https://t.co/jQMImfHRYF'",Negative
"b'#Fokus \xe2\x80\x94 Sungguh teramat sayang, suara mahasiswa terbelah dalam menyikapi kehadiran Permen PPKS. Berbeda dengan sua\xe2\x80\xa6 https://t.co/b1KMFndIwx'",Negative
"b'#Fokus \xe2\x80\x94 Sungguh teramat sayang, suara mahasiswa terbelah dlm menyikapi kehadiran Permen PPKS. Berbeda dgn suara ma\xe2\x80\xa6 https://t.co/ne0LQhk7uj'",Negative
"b'Gagal Paham, Nadiem Tegaskan Ruang Lingkup Permendikbud PPKS Bukan Soal Tindakan Asusila di Kampus\n \nhttps://t.co/4d7BsO9Te9'",Positive
b'Gelar FGD Respons Permendikbudristek No. 30 tahun 2021 tentang PPKS https://t.co/iVu2YiHDGe',Positive
"b""Gengs podcast hari ini udah tayang! \n\nToday we're talking about Permendikbud PPKS resmi berlaku, Taliban larang per\xe2\x80\xa6 https://t.co/46sfTkl1MB""",Positive
b'Gila udah berani terang2an gini!\nGubsu Edi ama Walkot Bobby harus berani tegas!\nAparat juga boleh bertindak nih.\nMa\xe2\x80\xa6 https://t.co/LdBZhpVxzp',Negative
b'Gimana nih pak @mohmahfudmd \npendapat anda Ormas yg sudah dilarang oleh negara makin berani unjuk gigi di depan pub\xe2\x80\xa6 https://t.co/CLofuyOlET',Negative
b'@PBPGRI_OFFICIAL Gimana sikap PGRI terhadap permendikbud No. 30 th 2021 tentang PPKS mimin?',Positive
b'Gmn nih pak @mohmahfudmd\n@Puspen_TNI @binofficial_ri @BNPTRI\n@YaqutCQoumas @Kemenag_RI\n\nApakah ini msh di anggep lu\xe2\x80\xa6 https://t.co/KWOlSj7FFD',Negative
b'@bertanyarl Good berarti byk yg berani speak out sejak ada permendikbud ppks',Positive
b'Gubernur Sumut harus tegas! Jangan dibiarkan!\nhttps://t.co/WbTOHAabYL',Positive
"b'@fmuchtar_ Gue setuju, makanya Anies gue bilang hebat. Si mustofa aja sampe bikin pembelaan lho soal aturan interna\xe2\x80\xa6 https://t.co/GxdQK2znPb'",Positive
"b'[cm] guys, kan aku ada tugas kuliah buat berita artikel gitu. nah aku mau bahas tentang Permendikbud ppks. kalo mis\xe2\x80\xa6 https://t.co/jHouqYrT20'",Positive
"b'Hadirnya Permendikbud PPKS mendesak kampus untuk bentuk Satgas. Namun, bagaimana di Unmul?\n\nSimak,\xe2\x80\xa6 https://t.co/fCAt2q6dju'",Positive
"b'Hah !!!!\nPantaskah kita diamkan ???\n@mohmahfudmd\n@DivHumas_Polri\n\nMahasiswa di Medan Demo Dukung Khilafah, Tuding P\xe2\x80\xa6 https://t.co/vUDMKUDJK9'",Negative
"b'Hai, Soka!\n\nSudah tahu tentang Permendikbudristek Nomor 30 Tahun 2021, kan?  Bagi yang belum tahu, nih Mika kasih i\xe2\x80\xa6 https://t.co/hYJfypUjHm'",Positive
b'hal simpel begini aja kok malah pada dibikin ruwet.... https://t.co/7H6Tb2BHnR',Negative
b'Hallo Geografella!\n\nBEM Fakultas Geografi menyatakan sikap mendukung dan mendesak implementasi Permendikbud Ristek\xe2\x80\xa6 https://t.co/gt9G7mffe2',Positive
b'Hallo pak menko @mohmahfudmd \nYg seperti di berita ini bukan masalah sepele lho pak.\nApa harus dibiarkan?\n\nhttps://t.co/ynL4MYJDZM',Positive
b'Haloo pak @KAPOLDAsumut @mohmahfudmd @nadiemmakarim\n@BadanIntelegent \nKenapa sayap organisasi terlarang HTI masih d\xe2\x80\xa6 https://t.co/McYjBVaYFT',Positive
b'Headline Nasional | KAMMI Tolak RUU TPKS dan Cabut Permendikbudristek PPKS -\nhttps://t.co/gfkVbXEetl\n#headlinebogor\xe2\x80\xa6 https://t.co/tiTTG53eb3',Negative
"b'Hr ini sy bersama narsum lainnya, Rektor @MetroIain &amp; Ibu Maria komisioner @KomnasPerempuan, membincangkan Permendi\xe2\x80\xa6 https://t.co/EpYrdYeJJG'",Positive
"b'HTI dibubarkan, tapi underbow nya dibiarkan https://t.co/tB6TSkhmqD'",Negative
b'HTI makin berani aja demo ngatain Pemerintah Thogut sambil mengkampanyekan Khilafah. \n@mohmahfudmd @henrysubiakto\xe2\x80\xa6 https://t.co/hjqE4JgkT9',Negative
b'@Dennysiregar7 @PDemokrat @jokowi HTI makin berani aje demo ngatain Pemerintah Thogut sambil mengkampanyekan Khilaf\xe2\x80\xa6 https://t.co/yEtpake1jN',Negative
b'HTI makin berani aje demo ngatain Pemerintah Thogut sambil mengkampanyekan Khilafah. \n@_ekokuntadhi @Dennysiregar7\xe2\x80\xa6 https://t.co/C8sxq6ving',Negative
b'ibuku nonton re-run mata najwa soal ppks:\xe2\x80\x9d',Positive
b'IKM UI yang ingin mengikuti aksi harap terlebih dahulu mengisi tautan: \nhttps://t.co/c40dMnsAvZ\n\nAksi ini juga turu\xe2\x80\xa6 https://t.co/juI698Nu37',Positive
"b'@ne4lene Ikrrrr , maknanya student kv ppks tok extraaa la ahahahaha nasib laa kita dah dipateh molah MoM . I mean m\xe2\x80\xa6 https://t.co/1JCZfhn51n'",Positive
"b'Imperial udah sampai sini, di indo masih ribut2 soal permen ppks \xf0\x9f\xa5\xb2\xf0\x9f\xa5\xb2\xf0\x9f\xa5\xb2 https://t.co/IX5OZyULzj'",Positive
"b'Implikasi Permendikbud no 30/2021 ttg PPKS adlh pelegalan Zina, kumpul, dan Free Sex. Kok ormas Islam:  Muhammadiya\xe2\x80\xa6 https://t.co/9pij8t2h7M'",Positive
b'@catchmeupid ingin brtnya tnpa membaca ppks.\nmisal terjadi hubungan antara dosen dengan mahasiswa.\n\n\xe2\x80\x9cnilai km jelek\xe2\x80\xa6 https://t.co/q1X3Z8Nmbx',Positive
"b'@wafflekies01 @bertanyarl Ini inti dari Permendikbud PPKS dia sendiri udah tau, kalo tanpa consent ya berarti terma\xe2\x80\xa6 https://t.co/CGoAwzZzTx'",Positive
b'Ini Tuntutan Mahasiswa KAMMI Soal Permendikbud PPKS\n\n#GagalkanRUUTPKS\n#Tolakliberalisasi\n#permengakmanis\xe2\x80\xa6 https://t.co/pOLCzQXxjB',Negative
"b'INTERNATIONAL MAGAZINE: PPKS, Setetes Air di Tengah Gurun Kekerasan Seksua... https://t.co/EiC1ApE2wz https://t.co/gzhfdugtHY'",Positive
b'Islam juga menyiapkan sejumlah sanksi tegas dan membuat jera bagi pelanggar aturan-aturan yang sudah ditetapkan dal\xe2\x80\xa6 https://t.co/OoT4AN1fgu',Positive
b'Itu yang pada nentang permendikbud ppks segala bawa-bawa religion value padahal mah dia sagapung ae',Positive
"b'Jadi mikir, sebenernya banyak prospek nadiem makarim yang bagus2 bgt cuma covid ngrusak banyak planningnya dia.. Ta\xe2\x80\xa6 https://t.co/gE3ei2y1vO'",Positive
b'@dodhand Jebule durung maca PPKS e...\xf0\x9f\x98\xa2\xf0\x9f\x98\xa2',Positive
"b'Jika zina sudah merebak ditengah-tengah masyarakat, maka masyarakat itu menginginkan azab ditimpakan. Maka wajib me\xe2\x80\xa6 https://t.co/IwmgwKCGCY'",Positive
b'Joki tugas hukum membuat artikel analisis (Permendikbudristek) Nomor 30 Tahun 2021 tentang Pencegahan dan Penangana\xe2\x80\xa6 https://t.co/3pQZkrjrrb',Negative
"b'Jokowi Pro Pendidikan\n\nPolemik permendikbud PPKS, Mendikbud Nadiem Makarim: ruang lingkupnya kekerasan seksual, buk\xe2\x80\xa6 https://t.co/ecLokJ3bpb'",Positive
"b'Judulnya aja permen ppks, pasti ngurusnya soal hal-hal yang di luar consent. Indonesia selain punya norma hukum jug\xe2\x80\xa6 https://t.co/oTdutO30oO'",Positive
"b'#Kaffah \xe2\x80\x94 Menilik isi Permen PPKS, tampak jelas pertentangannya dengan ajaran Islam dan membahayakan umat. Permen i\xe2\x80\xa6 https://t.co/klV1x0Ir1s'",Negative
"b'@catchmeupid ""Kalo laporan naik gegara ppks, biar turun laporannya, kita hold dulu aja ppks nya""\n\n- seseorang'",Positive
b'KAMMI Daerah Gelar Aksi Tolak Permendikbud PPKS\nhttps://t.co/QnRqEJUTxq https://t.co/Dy2w8qothG',Negative
b'Kampus Tak Berkutik Terjerat Permendikbud Ristek PPKS https://t.co/50NEbvJyMU',Positive
"b'Kampus Tak Berkutik Terjerat Permendikbud Ristek PPKS\n\nOleh: Denok Ika Anggraeni, S.E\n[Sahabat TintaSiyasi]\nhttps://t.co/GE6kiohKqw'",Positive
"b'Karena ini  juga, Nadiem Makarim (@nadiemmakarim) menerbitkan Permendikbud No 30 Tahun 2021 tentang Pencegahan dan\xe2\x80\xa6 https://t.co/MuADtItuuP'",Positive
"b'Kasus kekerasan seksual di luar universitas, seperti di dunia kerja, bahkan di ranah keluarga, berpotensi terjadi.\xe2\x80\xa6 https://t.co/MWmz3iyXC2'",Positive
b'Kebijakan Meresahkan Jika Sudah Disahkan\n\nhttps://t.co/hQj1mJZVe5\n\nhttps://t.co/M9bMh0fLhY -- Adanya Permendikbud R\xe2\x80\xa6 https://t.co/c8XZPZMQHX',Negative
"b'Kekerasan dan perundungan seksual yang terjadi di kampus-kampus hanyalah fenomena gunung es yang tidak terdeteksi,\xe2\x80\xa6 https://t.co/5lmiPmCKCx'",Negative
b'keknya isu permen ppks sedang hangat eee tapi liat draftnya dimana ya kawan2?',Positive
"b'Keluarin aja tuh mahasiswa !!!\nSebagian besar yg nolak Permendikbud PPKS itu pendukung khilafah.\nHTI, FPI, PKS !!!\nhttps://t.co/npapaJAVJc'",Positive
b'Kembang Gula Beracun ala Permendikbud Ristek PPKS\n\nOleh: Riani Kurniawati\n[Sahabat TintaSiyasi]\nhttps://t.co/1wOOT12wUL',Negative
b'Kemendikbudristek Beberkan Penyusunan Permendikbudristek PPKS https://t.co/2wmy6EOYqn',Positive
b'Kemendikbudristek Buka Peluang Sempurnakan Permen PPKS https://t.co/01UYYGh2yE',Positive
"b'Kemendikbudristek Perintahkan Seluruh Pimpinan Kampus Segera Membuat Aturan Turunan Permen PPKS!: JAKARTA, EDUNEWS.\xe2\x80\xa6 https://t.co/xRPZu5x1F2'",Positive
"b'Kementerian Pendidikan, Kebudayaan, Riset, dan Teknologi telah meresmikan aturan baru yaitu Permendikbudristek No.\xe2\x80\xa6 https://t.co/EOfKQHq74q'",Positive
b'@mazzini_gsp kenapa abis ribut soal permen PPKS ngeributin masalah pro-live or pro-choice. medsos kaya muter2 gitu topiknya.',Positive
"b'Kepala PPKS, Bapak Dr. M. Edwin Syahputra Lubis bersama Kepala Bagian Penelitian PPKS, Bapak Dr. Agus Susanto dan d\xe2\x80\xa6 https://t.co/afsjaxDyL0'",Positive
"b'Kesabaran, dedikasi, serta kebaikan dari guru telah membawa kita ke titik yang lebih baik. Terima kasih atas semua\xe2\x80\xa6 https://t.co/9dZRGfBuWq'",Positive
b'Kiayi Said Aqil selesaikan konterversi PPKS Permendikbud denan rapi bersama menteri Nadiem #kiaisaid #buyasaid\xe2\x80\xa6 https://t.co/gsIi6sFywg',Positive
b'Kira-kira apa tanggapan para aktivis terebut dalam menanggapi peraturan tersebut? Yuk kita cari tahu selengkapnya d\xe2\x80\xa6 https://t.co/l1YMeJd9jd',Positive
b'Kita butuh partisipasi pendukung Permendikbud PPKS sebanyak\xc2\xb2nya di diskusi. Kita adu argumen lawan PKS. Tidak cuma\xe2\x80\xa6 https://t.co/Tt7uH5S3J1',Positive
b'Kiyai Said Aqi selesaikan kontroversi ppks permendikbud\n#kiaisaid #buyasaid #saidaqil #ketumPBNU #MuktamarNU34\xe2\x80\xa6 https://t.co/vzM0czv3Eb',Positive
b'Kiyai Said Aqul selesaikan kontroversi PPKS Perkemendikbud dengan rapi bersama Menteri Nadiem \xf0\x9f\x91\x8d\n#kiaisaid #buyasaid\xe2\x80\xa6 https://t.co/MYegCPKLsg',Positive
b'Kiyai Saiq Aqil Selesaikan Kontroversi PPKS Permendikbud dengan rapi https://t.co/y7C6aAUHRH',Positive
b'Kok gak jelas mahasiswa darimana. @DivHumas_Polri gak ada niatan gitu ngirim Densus 88 buat ngobrol sama adek2 yg d\xe2\x80\xa6 https://t.co/L7CcXklaWx',Positive
"b'#KomentarPolitik\n\nKontra PPKS Harus Dikaji!\n\nOleh : Ria Nurvika Ginting, SH., MH.\n\nSelengkapnya di\xe2\x80\xa6 https://t.co/5PSDArOBKI'",Positive
b'Komisi V Sebut Permendikbud PPKS Harus Dicabut dan Tolak RUU\xc2\xa0TPKS https://t.co/Lb0miDcZHP',Negative
"b'Kontroversi Permendikbud Ristek PPKS, Seks Bebas Dilegalkan?\n\nOleh: Mesi Tri Jayanti, S.H\n[Sahabat TintaSiyasi]\n\nhttps://t.co/ci6WyzKMNE'",Negative
b'Kritikan tersebut terkait dengan Permendikbudristek Nomor 30 Tahun 2021 tentang Pencegahan dan Penanganan Kekerasan\xe2\x80\xa6 https://t.co/u9Ui9IRuVI',Negative
"b'Lah, emangnya UI udah punya satgas?\n\nSetahu saya, belum ada satupun kampus di Indonesia yang punya satgas KS hasil\xe2\x80\xa6 https://t.co/zlR2kXRMTX'",Positive
b'Lalu apakah kekerasan terhadap perempuan sudah terhapuskan? Tidak juga. Masih jauh untuk dikatakan bebas dari keker\xe2\x80\xa6 https://t.co/79naob3g4e',Negative
"b'Lalu, bagaimana dampak kehadiran Permen PPKS menurut mahasiswa? Apa harapan mereka terhadap aturan ini? Simak opini\xe2\x80\xa6 https://t.co/3B56wfu1vC'",Positive
"b'Lalu, gimana sih sebenernya langkah negara menangani ini semua?\n\nDi tengah gawatnya kekerasan terhadap perempuan, p\xe2\x80\xa6 https://t.co/aKKClAQIFN'",Positive
b'@catchmeupid Lebih jelas stelah liat di podcast om dedy. Ad mas nadiem ma cinta laura jg. Poin utama mengacu pada m\xe2\x80\xa6 https://t.co/1iwIG6H2vQ',Positive
"b'Lihat generasi muda kita sekarang.\n\nGegara policy SBY NoEnemyPolicy, radikalisme dibiarkan tumbuh subur sehingga ma\xe2\x80\xa6 https://t.co/bMznovumDo'",Positive
"b'Lincolin sebagai figur teratas, banyak dikutip media pernyataannya tentang sikap Muhammadiyah yang menganggap Perme\xe2\x80\xa6 https://t.co/BauZ1QjKpt'",Positive
b'Liputan @temponewsroom menulis tentang kasus Kekerasan Seksual di Lingkungan Kampus. Salah satunya dilakukan oleh G\xe2\x80\xa6 https://t.co/La7mwS7N2U',Negative
b'@n0useforname @slytheriki @pangbandrang @ciumbrellla @Nur13420342 @bertanyarl Lololo berlakunya Permendik PPKS adal\xe2\x80\xa6 https://t.co/3ZgRQAbnXu',Positive
b'Mahasewa kelenger mulai lagi \nIndonesia \xf0\x9f\x87\xb2\xf0\x9f\x87\xa8 berideologi Pancasila Harga Mati tidak bisa ditawar-tawar camkan itu \xe2\x80\xbc\xef\xb8\x8f\xe2\x80\xa6 https://t.co/cKQh8PWNhN',Negative
"b'Mahasiswa di Medan Demo Dukung Khilafah, Tuding Permendikbud PPKS Thogut https://t.co/UzcFxfGagf'",Negative
b'Mahasiswa Kadrun!!!\nhttps://t.co/m0AhNjJjGg',Positive
"b'Mahasiswa kurang piknik, Mereka pikir syariah itu eliksir ya.\n https://t.co/BmHLHzs8gC'",Positive
b'Maka kekerasan seksual baik di lingkungan kampus maupun lingkungan sosial tidak cukup diselesaikan dengan UU PPKS s\xe2\x80\xa6 https://t.co/atCvWj7UUo',Negative
b'mantap banget kampus aku punya satgas ppks coy.',Positive
b'@bertanyarl Mau baca ppks nya dimana yaaa?',Positive
b'@JIYus18 medan bang\n\nhttps://t.co/H2TTEYmCER',Positive
b'Memahami Ambiguitas dan Kontroversi Permendikbud PPKS Secara Linguistik https://t.co/NYRRTYiojd',Positive
b'Membahas tentang kontroversi Pemendikbud PPKS dan kondisi neraca perdagangan negara. https://t.co/qhDvUiKFYk',Negative
"b'MEMBINGUNGKAN\nKnp mrk protes dgn Permendikbud ini,padahalkan isinya msh senada dgn KUHP yg skrg?. \n\nCoba bandingkan\xe2\x80\xa6 https://t.co/6uiz3uCLWJ'",Negative
"b'Menag @gusyaqut\n Mengatakan: Kementerian Agama mendukung kebijakan Kementerian Pendidikan, Kebudayaan, Riset, dan T\xe2\x80\xa6 https://t.co/t96LF1qXuX'",Positive
"b'Mendikbud Ristek @nadiemmakarim menegaskan, ruang lingkup Peraturan Mendikbud Ristek (Permendikbud Ristek) Nomor 30\xe2\x80\xa6 https://t.co/JnWzvX3pOM'",Positive
"b'Mendikbud Ristek Nadiem Makarim menegaskan, ruang lingkup Permendikbud Ristek Nomor 30 Tahun 2021 hanya mengatur so\xe2\x80\xa6 https://t.co/3xZgLZAVOL'",Positive
"b'Mendikbudristek, Nadiem Makarim menetapkan Peraturan Menteri Pendidikan, Kebudayan, Riset, dan Teknologi (Permendik\xe2\x80\xa6 https://t.co/AmdO6Mrv8v'",Positive
"b'Mendikbudristek Nadiem Makarim, mengatakan Permen PPKS ini memang \xe2\x80\x9chanya\xe2\x80\x9d mengatur terkait kekerasan seksual, tetap\xe2\x80\xa6 https://t.co/mO7zbQghF5'",Positive
b'Mendukung Permendikbud Ristek 30 / 2021 tentang PPKS di lingkungan perguruan tinggi. Permen ini menjadi langkah awa\xe2\x80\xa6 https://t.co/Yb1umgPjTg',Positive
b'Mendukung Permendikbud Ristek 30/2021 tentang PPKS di lingkungan perguruan tinggi. Permen ini menjadi langkah awal\xe2\x80\xa6 https://t.co/os9TG4bL12',Positive
"b'@nadiemmakarim menegaskan, ruang lingkup Permendikbud Ristek Nomor 30 Tahun 2021 hanya mengatur soal kekerasan seks\xe2\x80\xa6 https://t.co/HRZ96Ld9vb'",Positive
"b'Menilik isi Permen PPKS, tampak jelas pertentangannya dengan ajaran Islam dan membahayakan umat. Permen ini, jika d\xe2\x80\xa6 https://t.co/ofKfaDZx30'",Positive
"b'Menilik isi Permen PPKS,tampak jelas pertentangannya dengan ajaran Islam danmembahayakan umat.Permen ini,jika diter\xe2\x80\xa6 https://t.co/NL9K3wqNP0'",Positive
"b'Menilik isi Permen PPKS, tampak jelas pertentangannya dg ajaran Islam dan membahayakan umat. Permen ini, jk diterap\xe2\x80\xa6 https://t.co/henY9VBquH'",Positive
b'E a menina no tiktok q tem 2 ppks ?! \xf0\x9f\x90\xb8\xf0\x9f\x90\xb8',Positive
"b'Menteri Pendidikan, Kebudayaan, Riset dan Teknologi (Mendikbudristek) Nadiem Makarim menyambangi PBNU untuk memberi\xe2\x80\xa6 https://t.co/3DSSKOVSkO'",Positive
"b'@bertanyarl Menurut aku itu berarti permendikbud  ppks bener"" memberikan dampak baik, karna korban"" yang sebelumnya\xe2\x80\xa6 https://t.co/kzpZuu1ssA'",Positive
b'Menurut Mendikbud Ristek Nadiem Makarim\nsejumlah pihak masih salah mengartikan isi dari peraturan terkait pencegaha\xe2\x80\xa6 https://t.co/QAf44fRfqh',Positive
b'@bertanyarl Menurutku yaah laporan kekerasan seksual meningkat tuh yaa karena para korban udah merasa cukup dilindu\xe2\x80\xa6 https://t.co/Dmy7iaxAbL',Positive
b'merasa tidak didampingi dan didengar.\n\nTerbitnya Permen PPKS (Pencegahan dan Penanganan Kekerasan Seksual) ini diha\xe2\x80\xa6 https://t.co/R6WGiqmJij',Positive
b'Meski pemerintah berusaha mengesahkan UU PPKS tetapi nyatanya kekerasan seksual masih terus meraja lela. Misalnya b\xe2\x80\xa6 https://t.co/07s1HacsKz',Positive
"b'moga-moga satgas PPKS ini beneran ada &amp; berjalan sesuai fungsi monitoring &amp; edukasinya, ngga cuman buat keren-keren\xe2\x80\xa6 https://t.co/jY7XdqEW1p'",Positive
"b'Mohon mahasiswa peserta demo di data, termasuk latar belakangnya.\nBenih2 yg bisa menjadi besar jk dibiarkan\xe2\x80\xa6 https://t.co/Bf15Txh7F9'",Negative
"b'Mungkin ini yg ditakutkan oleh muhammadiyah, MUI, PKS dll menolak permendikbud PPKS kemaren. Bisa bahaya.. https://t.co/CT9eFP7IoB'",Negative
"b""Mungkin mas @fahdpahdepie yang kesana kemari soal frasa 'tanpa persetujuan' mau terbuka buat baca pandangan dari pr\xe2\x80\xa6 https://t.co/bH5xBMTfsz""",Negative
"b'Nadiem akan mendengarkan masukan ormas keagamaan, kampus, mahasiswa, dosen. https://t.co/0O6TNj521K'",Positive
b'Nadiem akan Perbanyak Sowan Bahas Permendikbud PPKS https://t.co/uG6gKmG5Yd https://t.co/Az6pSKNnnb',Positive
b'Nadiem: Banyak yang Salah Mengartikan Permendikbud Ristek 30/2021\n Mendikbud Ristek; sejumlah pihak masih salah men\xe2\x80\xa6 https://t.co/Og5Zq1GDru',Negative
b'Nadiem: Banyak yang Salah Mengartikan Permendikbud Ristek 30/2021\n\nSejumlah pihak masih salah mengartikan isi dari\xe2\x80\xa6 https://t.co/aWl7yN1bsi',Positive
b'Nadiem berjanji akan mempertimbangkan masukan dari PBNU. https://t.co/WS262fvtCp',Positive
"b'nadiem makarim adalah salah satu orang berjasa di hidup gue, selain melalui gojek, gomart, gosend, dll yang bikin h\xe2\x80\xa6 https://t.co/5eQspIAh59'",Positive
b'Nadiem Makarim bertemu Said Aqil untuk membahas polemik Permendikbud tentang PPKS. Ini masukan dari Said Aqil. https://t.co/XdfkoGbbNm',Positive
"b'Nadiem Makarim menegaskan, ruang lingkup Permendikbud Ristek Nomor 30 Tahun 2021 hanya mengatur soal kekerasan seks\xe2\x80\xa6 https://t.co/UZDcGhyeJs'",Positive
b'Nadiem Makarim menyambangi PBNU untuk memberi klarifikasi sekaligus meminta masukan soal Permendikbudristek 30/2021\xe2\x80\xa6 https://t.co/r9aPtMv5Md',Positive
b'Nadiem Makarim minta masukan PBNU revisi Permendikbud PPKS #nadiemmakarim #permedikbudnomor30tahun2021\xe2\x80\xa6 https://t.co/sbEJ1FBOQe',Positive
"b'Nadiem menekankan, topik utama dari Permendikbud Ristek 30/2021 adalah pencegahan kekerasan seksual di lingkungan k\xe2\x80\xa6 https://t.co/LTeVTGPPtR'",Positive
"b'Nadiem sebagai salah satu top influencer pendukung, paling disorot media dari Mas Menteri tersebut adalah alasannya\xe2\x80\xa6 https://t.co/yqMgVqheiT'",Positive
"b'@Nadifarite @strawdelilah @cioberaccount @kitrsune @wafflekies01 @bertanyarl Nah ini benerr, terkait zina udh ada a\xe2\x80\xa6 https://t.co/pn1LiWFWtx'",Negative
"b""Nahdlatul Ulama menyoroti polemik frasa 'tanpa persetujuan korban' dalam Permendikbud anti-kekerasan seksual yang d\xe2\x80\xa6 https://t.co/sxCXwrY0ue""",Negative
"b'Namun, bagi yang kontra, seperti Lincolin Arsyad (Diktilitbang) Pimpinan Pusat Muhammadiyah berpendapat bahwa Perme\xe2\x80\xa6 https://t.co/jcNET8XESM'",Positive
"b'@nadiemmakarim :\nBanyak Yang Salah Mengartikan Permendikbud Ristek 30/2021\n\nNadiem menekankan, topik utama dari Per\xe2\x80\xa6 https://t.co/1q1y6FQv9O'",Negative
"b'ngabers yang berontak kontra permendikbudristek ppks daripada koar-koar, mending jd pembicara kita di dispub\xf0\x9f\x99\x8f\xf0\x9f\x99\x8f\xf0\x9f\x99\x8f\xf0\x9f\x99\x8f'",Negative
"b'[IBARAT SALAH KERETA: MISKONSEPSI PERMENDIKBUDRISTEK PPKS]\n\nHalo, IKM FH UI!\n\nRaisha kecil manggut-manggut sok paha\xe2\x80\xa6 https://t.co/SqqmeW24UA'",Positive
"b'@Stakof Nitip, pak: https://t.co/wvEhP5dKG9'",Positive
b'[Kontroversi Permendikbud PPKS: Cegah atau Legalkan Zina?]\n\nMaraknya kasus kekerasan seksual di ruang lingkup pendi\xe2\x80\xa6 https://t.co/FwGXgLrZO1',Positive
b'[PERMENDIKBUD-RISTEK NO 30 TAHUN 2021 SEBAGAI SOLUSI DARI FENOMENA KEKERASAN SEKSUAL DI PERGURUAN TINGGI]\n\nMenteri\xe2\x80\xa6 https://t.co/OkD2idZQmM',Positive
"b'[MISKONSEPSI PERMENDIKBUDRISTEK PPKS]\n\nPeraturan Menteri Pendidikan, Kebudayaan, Riset dan Teknologi (Permendikbudr\xe2\x80\xa6 https://t.co/dkVKvCVdGH'",Positive
b'[DENGAR SUARA MAHASISWA]\n\nSejak Kemdikbudristek mengesahkan Permen PPKS banyak perdebatan yang muncul. Terdapat pih\xe2\x80\xa6 https://t.co/umi1bxxGPB',Negative
b'[BERITA] \n\nStatuta UI dan Permendikbud Ristek tentang PPKS dalam Eksplorasi Calon MWA UI UM 2022 \n\nSelengkapnya dap\xe2\x80\xa6 https://t.co/ExYrXmkLde',Positive
"b'#Opini\n\nPermen PPKS: Menuju Kampus \xe2\x80\x9cBebas Merdeka\xe2\x80\x9d (?)\n\nPeraturan Menteri Pendidikan, Kebudayaan, Riset, dan Teknol\xe2\x80\xa6 https://t.co/am5hCuaJZo'",Positive
"b'Opini Saya Tentang UU PPKS, Mas Menteri Sudah Benar https://t.co/T3kZWSMucP'",Positive
"b""padahal hari ini dapet kabar baik. unsika udah bentuk pansel ppks :')""",Positive
b'Pahami dengan seksama Permendikbudristek 30/2021 Tentang PPKS. Jika seseorang melakukan tindakan yang bernuansa kek\xe2\x80\xa6 https://t.co/AXdB8GLr8i',Positive
"b'@mohmahfudmd Pak Mahfud, pemerintah sudah membubarkan HTI, tapi koq mereka (Gema Pembebasan, organisasi sayap HTI)\xe2\x80\xa6 https://t.co/0u8EV9AEqi'",Negative
b'Pala bapak kau thogut.. ni pasti yg suka catcalling makanya ga setuju\n\nhttps://t.co/J9LOkFOsgf',Negative
b'@TofaTofa_id Pasti belum baca https://t.co/wvEhP5dKG9',Positive
"b'PBNU Dukung Implementasi Permendikbudristek PPKS, tapi Perlu Revisi https://t.co/s40wAkvKCV'",Positive
"b'PBNU Dukung Penuh Permendikbudristek PPKS, tapi Perlu Diperbaiki https://t.co/pSH5z9yNYm'",Positive
"b""PBNU Soroti 'Suka Sama Suka' di Permendikbud PPKS, Nadiem Menampung https://t.co/TDjF6tKs7s""",Positive
b'Pembahasan mengenai miskonsepsi Permendikbudristek PPKS yang beredar luas di masyarakat dikemas dalam sebuah cerita\xe2\x80\xa6 https://t.co/ifrJdKMece',Positive
b'Pemerhati : Permendikbudristek PPKS Tidak akan Ada Manfaatnya https://t.co/90YgHrk4xa',Negative
b'Peraturan yang cukup progresif dalam hal pemajuan dan perlindungan perempuan dari kekerasan berbasis gender telah t\xe2\x80\xa6 https://t.co/mhOfUElj7C',Positive
b'[PERBANDINGAN PERTOR NOMOR 70 TAHUN 2020 PENCEGAHAN DAN PENANGANAN KEKERASAN SEKSUAL DAN PERUNDUNGAN DENGAN PERMEND\xe2\x80\xa6 https://t.co/06dZyoq5P9',Positive
b'percayalah kalo ada akademisi atau orang yg ga setuju sama permendikbud PPKS ini mental2 pelaku https://t.co/1CVmXIvabm',Positive
b'@TofaTofa_id Perlu dibuat permen PPKS utk lingkungan gereja gitu gak harusnya. Masak kampus saja?',Positive
"b'Perlukah permen PPKS diterapkan di lingkungan lembaga negara, agar korban mendapatkan perlindungan? Ternyata tidak\xe2\x80\xa6 https://t.co/CBMiA7sq2L'",Positive
"b'@CNNIndonesia Perlukah permen PPKS diterapkan di lingkungan lembaga negara, agar korban mendapatkan perlindungan? T\xe2\x80\xa6 https://t.co/1yNJM5mPXx'",Positive
"b'Permen PPKS bukan hanya untuk mahasiswa, tapi untuk seluruh sivitas akademika. Di kampus, kekerasan seksual bukan h\xe2\x80\xa6 https://t.co/kRNczcwuGj'",Positive
b'Permen PPKS Bukan Solusi Kekerasan Seksual https://t.co/qXhmWhzHRC lewat @suaraislam_id',Negative
b'@AREAJULID Permen PPKS klu bener2 diaplikasikan bakal bisa memberantas predator seksual didunia pendidikan.',Positive
b'Permendikbud No. 30 Tahun 2021 berisikan peraturan mengenai Pencegahan dan Penanganan Kekerasan Seksual (PPKS) di L\xe2\x80\xa6 https://t.co/eYbp0OD53f',Positive
b'PERMENDIKBUD NO 30 TAHUN 2021 BUKAN SOLUSI KEKERASAN SEKSUAL\n\nBaru saja permendikbud no 30 tahun 2021 mengenai penc\xe2\x80\xa6 https://t.co/gxzHs2PgeM',Negative
b'@muslimahnewscom Permendikbud no 30 ttg PPKS membuktikan rezim sekuler liberal!',Negative
b'@collegemenfess Permendikbud ppks',Positive
b'permendikbud PPKS apa bisa diterapkan juga di RS untuk KS konsulen ke koas/ppds?',Positive
"b'Permendikbud PPKS Dirilis, Laporan Kekerasan Seksual Kampus\xc2\xa0Bermunculan https://t.co/tXTe2sXK08'",Positive
b'Permendikbud PPKS dirilis:\n\nSeks bebas makin menggila \xe2\x9c\x96\xef\xb8\x8f\xe2\x9c\x96\xef\xb8\x8f\xe2\x9c\x96\xef\xb8\x8f\nLaporan kekerasan seksual meningkat \xe2\x9c\x94\xef\xb8\x8f\xe2\x9c\x94\xef\xb8\x8f\xe2\x9c\x94\xef\xb8\x8f\n\nPredator k\xe2\x80\xa6 https://t.co/fnrvluYqGG',Positive
b'Permendikbud PPKS Harus Dicabut dan Tolak RUU\xc2\xa0TPKS https://t.co/932QznyVQa',Negative
b'Permendikbud PPKS Harus Jadi Pelecut DPR Segera Sahkan RUU TPKS  https://t.co/oKzYOtfSnm',Positive
"b'Permendikbud PPKS ini disinyalir melegalkan zina, padahal konsep ""Consent"" yang terkandung didalamnya memiliki pema\xe2\x80\xa6 https://t.co/qF1pEeC99V'",Positive
"b'Permendikbud PPKS, Mengatasi Masalah dengan\xc2\xa0Masalah https://t.co/ViUSoS97DW'",Negative
"b'Permendikbud PPKS menuai kecaman dari berbagai pihak karena dianggap melegalkan perzinaan. Menurut Nadiem, ia mener\xe2\x80\xa6 https://t.co/5kB4SWAwhN'",Negative
b'Permendikbud PPKS Solusikah? https://t.co/Fw4KFcOZAA',Positive
"b'Permendikbud PPKS Tua Pro-Kontra, Nadiem Minta Masukan PBNU https://t.co/DclrukaB1t #beritajogja #jogja\xe2\x80\xa6 https://t.co/I7gZvLZpoA'",Positive
"b'Permendikbud Ristek PPKS, Advokat: Bukan Harapan Tetapi Ancaman\nhttps://t.co/Whd1CAOgB3 https://t.co/BXjxIxzqZw'",Negative
"b'Permendikbud Ristek PPKS, Advokat: Bukan Harapan Tetapi Ancaman\n\nhttps://t.co/FDfZTDojcs\n\nhttps://t.co/M9bMh0wOjY -\xe2\x80\xa6 https://t.co/ASUIZyZv6j'",Negative
"b'Permendikbud Ristek PPKS, Liberalisasi Seksual Menyasar Institusi PT\n\nOleh: Zulia Adi K, S.E\n[Pengamat Pendidikan]\nhttps://t.co/fjGmykCffj'",Positive
"b""Permendikbud Ristek PPKS, Liberalisasi Seksual Menyasar Kampus\n\nOleh: Yafi'ah Nurul Salsabila\n[Alumni IPRIJA dan Ak\xe2\x80\xa6 https://t.co/FAtcXSyUjU""",Positive
b'Permendikbud-Ristek PPKS menjelaskan langkah awal penciptaan ruang aman di lingkungan kampus. Gimana sih caranya ny\xe2\x80\xa6 https://t.co/yHbmoKOWuK',Positive
"b'Permendikbud Ristek PPKS: Solusi Parsial Liberalisasi di Institusi Perguruan Tinggi\n\nOleh: Ageng Kartika,\xe2\x80\xa6 https://t.co/2MS1dIImzx'",Positive
"b'Permendikbud 30 thogut. \nTegakkan khilafah,"" kata orator aksi \nWoii .. nenek luh Pe\'ang \xe2\x80\xbc\xef\xb8\x8f\n\nhttps://t.co/HsBTJqnOuZ\xe2\x80\xa6 https://t.co/9wnDqzmQzY'",Negative
"b'Permendikbudristek no 30, potret buram pendidikan tinggi era sekuler\n\nhttps://t.co/fVxiQuZGSb\n\n#permendikbutristek\n#ppks'",Positive
"b'Permendikbudristek No. 30, Potret Buram Pendidikan Tinggi Era Sekuler | Analisis\nhttps://t.co/q8uR2F2KLB\xe2\x80\xa6 https://t.co/kIU5oxikA1'",Positive
b'*[Diskusi Publik] PERMENDIKBUDRISTEK NO. 30 TAHUN 2021 : LEGALKAN SEKS BEBAS?*\n\nDengan alasan mencegah kekerasan se\xe2\x80\xa6 https://t.co/iOJbyEnvEP',Positive
b'Permendikbudristek PPKS jadi acuan dan payung hukum https://t.co/A7W31dTLmf',Positive
b'Permendikbudristek PPKS kini menggelinding di kampus-kampus yang harus segera membentuk Satgas Pencegahan dan Penan\xe2\x80\xa6 https://t.co/Erjvfcb1Sg',Positive
"b'Permendikbudristek PPKS, Penyelewengan Terhadap Konstitusi?  https://t.co/SfAhbRYheB ; ?&gt;\nCovid-19\n20 November 2021\xe2\x80\xa6 https://t.co/NYOqeLqiio'",Positive
b'@kyo_shiro007 @catchmeupid persetujuan ya suka sm suka dong dan di agama ya masuk ke zina tpkan itu urusannya dia s\xe2\x80\xa6 https://t.co/lfjHPZkpOA',Positive
"b'Polemik Permendikbud PPKS, Nadiem: Ruang Lingkupnya Kekerasan Seksual, Bukan Tindakan Asusila di Kampus\nKlik untuk\xe2\x80\xa6 https://t.co/CGAz7gs8PA'",Positive
b'PPKS dukung acara Seminar dan Workshop Peningkatan Kemandirian Petani Sawit \n.\nKunjungi Booth PPKS dan dapatkan pro\xe2\x80\xa6 https://t.co/mo2nQGYlvD',Negative
b'@CNNIndonesia PPKS permen perkelaminan',Negative
"b'PPKS Rampung oleh, Said dan Nadiem\n\n#ketumPBNU #saidaqil https://t.co/qBJxnZwZBi'",Negative
"b'PPKS, Setetes Air di Tengah Gurun Kekerasan Seksual Tersembunyi Kampus https://t.co/jg1v2rsbqH'",Positive
"b'PPKS, Setetes Air di Tengah Gurun Kekerasan Seksual yang Tersembunyi di Kampus https://t.co/8wAn555m7H'",Positive
b'Pro Kontra Permendikbud PPKS di Tengah Pandemi https://t.co/VpjKzI60Vt',Negative
b'Produk hukum ini terbit sebelum Permen PPKS Kemendikbud. Keluarnya tahun lalu. Sudah ada timnya macam satgas gitu u\xe2\x80\xa6 https://t.co/J16L428qIi',Positive
"b'Ratusan Mahasiswa di Medan Tolak Permendikbud PPKS, Syariat Islam Solusinya \nhttps://t.co/2vaigxvpLs\xe2\x80\xa6 https://t.co/9Xa2j9kc8I'",Negative
b'Ratusan mahasiswa menggelar aksi demo di Kemendikbud menuntut pencabutan permendikbud no 30 tahun 2021 tentang Penc\xe2\x80\xa6 https://t.co/86GcTslqmK',Negative
"b'Redam Polemik Permendikbud PPKS, Nadiem Minta Masukan PBNU https://t.co/ViVgnFpdL0'",Positive
"b'Rektor Universitas Halu Oleo (UHO) Kendari, Muhammad Zamrun Firihu mendukung Peraturan Menteri Pendidikan, Kebudaya\xe2\x80\xa6 https://t.co/QlmYiR1ixt'",Positive
b'4. Rektor Unsika membentuk Panitia Seleksi Perlindungan dan Pencegahan Kekerasan Seksual (Pansel PPKS) melalui Waki\xe2\x80\xa6 https://t.co/hvpx1mJdJR',Positive
"b'Rektorat, dosen, dan staf kampus punya peranan besar dalam merumuskan kebijakan yang berperspektif korban, termasuk\xe2\x80\xa6 https://t.co/xBU6zgDbDl'",Positive
b'rizka pas bahas htn: \xf0\x9f\x98\xb4\xf0\x9f\x92\xa4\nputer balik ke ppks: \xf0\x9f\x98\xa1\xe2\x98\x9d\xf0\x9f\x8f\xbd\xf0\x9f\x91\x8a\xf0\x9f\x8f\xbd',Negative
"b'Rokhana Menyapa: \xe2\x80\x9cKenali Elaeis oleifera, spesies kelapa sawit dengan keunggulan spesial\xe2\x80\x9d\n.\nBagaimana keunggulan sp\xe2\x80\xa6 https://t.co/5bV6pMHhvj'",Negative
b'RT @CNNIndonesia: Aktivis perempuan Devi Asmarani mengatakan Permendikbud PPKS sangat dibutuhkan di lingkungan perguruan tinggi lantaran se\xe2\x80\xa6',Positive
"b'RT @GunRomli: Al-Baqarah 41: Janganlah kamu jual ayat-ayat-Ku dengan harga murah, tp bagi kelompok yg jg menolak Permendikbudristek PPKS in\xe2\x80\xa6'",Positive
"b'RT @muslimahnewscom: Alhasil bagi kalangan yang mendukung Permen PPKS, menganggap bahwa Permen ini sebagai terobosan karena ""berperspektif\xe2\x80\xa6'",Positive
"b'RT @asumsico: Alih-alih memperkarakan frasa ""tanpa persetujuan korban"", sejatinya Permendikbud PPKS dilihat sebagai alarm tegas atas tindak\xe2\x80\xa6'",Positive
b'RT @muslimahnewscom: Apakah Permendikbudristek 30/2021 (Permen PPKS) pada Perguruan Tinggi semakin menumbuhsuburkan pergaulan bebas?',Negative
b'RT @fahmirf10: Artikel terbaru saya di Kolom @detikcom merespon untuk segera mengesahkan RUU TPKS dan poin penting Permendikbudristek 30/20\xe2\x80\xa6',Positive
b'RT @asumsico: Aturan yang diteken Nadiem Makarim untuk mencegah dan menangani kekerasan seksual di kampus dinilai sudah tepat dan harus did\xe2\x80\xa6',Positive
b'RT @PPKS_ID: Bagaimana dosis pupuk tunggal TBM kelapa sawit pada tanah mineral?\n.\nSimak informasi ini dan bagikan kepada teman-teman anda.\xe2\x80\xa6',Negative
b'RT @PPKS_ID: Bagaimana keunggulan tanaman ini untuk kesehatan maupun pendapatan khususnya bagi pekebun sawit?\nSimak PPKS Note berikut sahab\xe2\x80\xa6',Negative
b'RT @CakraWikara: [PERMEN PPKS]\n\n@Kemdikbud_RI baru saja mengesahkan Peraturan Menteri (Permen) Nomor 30 Tahun 2021 tentang Pencegahan dan P\xe2\x80\xa6',Positive
b'RT @DivHumas_Polri: 21 Bentuk Kekerasan Seksual Yang Dilarang\n\nKemendikbud Ristek resmi mengesahkan Permendikbud Nomor 30 Tahun 2021 tentan\xe2\x80\xa6',Positive
"b'RT @Jaring_UburUbur: @bertanyarl berarti selama ini bnyk yg ngalamin tpi gamau speak up krn ngerasa gada payung untuk mereka, bayangin bati\xe2\x80\xa6'",Positive
b'RT @eradotid: Berikut 21 bentuk kekerasan seksual yang diatur dalam Permendikbud Nomor 30 Tahun 2021 tentang PPKS di lingkungan kampus: htt\xe2\x80\xa6',Positive
"b'RT @Nisanurulhs: BESOK\nAksi 16 HAKTP\n\nDukung Permendikbud Ristek PPKS,\nAmankan RUU TPKS\nSahkan RUU PPRT\n\n#16HAKTP https://t.co/GEMrCohV29'",Positive
"b'RT @OposisiCerdas: Buntut Permendikbud PPKS, Nadiem Makarim Disomasi Ormas Pemuda\nhttps://t.co/pg10UjUEe2'",Positive
b'RT @DPP_PKB: Cak Imin Dukung Permendikbud PPKS: Kekerasan Seksual Sangat Meresahkan\n\nhttps://t.co/HwC8Q78iEN',Positive
b'RT @muslimahnewscom: Dari sini nampak jelas bahwa dalam Permen PPKS ini masih menyisakan PR bagi penanganan seks bebas di lingkungan Pergur\xe2\x80\xa6',Negative
"b'RT @eradotid: Dari sudut pandangmu, kenapa sih kasus seperti ini bisa terjadi? Bahkan melibatkan anak-anak di bawah umur.\n\nBukankah RUU PKS\xe2\x80\xa6'",Negative
"b'RT @detikcom: Demonstrasi mahasiswa di Medan terkait Permendikbud PPKS menjadi sorotan. Pasalnya dalam unjuk rasa itu, mahasiswa menyebut P\xe2\x80\xa6'",Negative
b'RT @asumsico: Di Asumsi Bersuara kali ini @rayestu berbincang dengan @tunggalp terkait aturan Permendikbudristek Nomor 30 Tahun 2021 tentan\xe2\x80\xa6',Positive
"b'RT @angga_fzn: Di sini siapa yang sepakat bahwa kampus adalah tempat pendidikan, bukan pelecehan? \xf0\x9f\x98\xa4\xf0\x9f\x98\xa4\xf0\x9f\x98\xa4\n\nGue mau sedikit cerita kenapa Permen\xe2\x80\xa6'",Positive
"b'RT @identity_muslim: Gagasan liberal seksual consent yang menjadi ruh rumusan makna  kekerasan seksual dalam Permen PPKS, bukanlah hal baru\xe2\x80\xa6'",Positive
b'RT @cutiepaaw: GAIS ADA YANG MAU BANTU ISI KUISIONERKU TENTANG PERATURAN MENTRI  Pencegahan dan Penanganan Kekerasan Seksual (PPKS) ?mohon\xe2\x80\xa6',Negative
b'RT @SantorinisSun: Gila udah berani terang2an gini!\nGubsu Edi ama Walkot Bobby harus berani tegas!\nAparat juga boleh bertindak nih.\nMasih m\xe2\x80\xa6',Positive
b'RT @HopeHelpsNet: Hadirnya Permendikbud-Ristek PPKS No. 30/2021 menunjukkan langkah progresif dari @Kemdikbud_RI @nadiemmakarim dalam hal p\xe2\x80\xa6',Positive
"b'RT @RatnaIntanKurn1: Hah !!!!\nPantaskah kita diamkan ???\n@mohmahfudmd\n@DivHumas_Polri\n\nMahasiswa di Medan Demo Dukung Khilafah, Tuding Perm\xe2\x80\xa6'",Negative
b'RT @headlinebogor: Headline Nasional | KAMMI Tolak RUU TPKS dan Cabut Permendikbudristek PPKS -\nhttps://t.co/gfkVbXEetl\n#headlinebogor #kam\xe2\x80\xa6',Negative
"b'RT @YogaAdrianyoga6: HTI dibubarkan, tapi underbow nya dibiarkan https://t.co/tB6TSkhmqD'",Negative
b'RT @muslimahnewscom: Islam juga menyiapkan sejumlah sanksi tegas dan membuat jera bagi pelanggar aturan-aturan yang sudah ditetapkan dalam\xe2\x80\xa6',Positive
"b'RT @Mythicalforest: Jadi gini gaes, rumusnya sederhana:\n\nPertahankan Permendikbud PPKS, Sahkan RUU-PKS, bubarkan PKS'",Positive
"b'RT @Les_1453: Jika zina sudah merebak ditengah-tengah masyarakat, maka masyarakat itu menginginkan azab ditimpakan. Maka wajib menolak Perm\xe2\x80\xa6'",Positive
"b'RT @Fatih55795635: Jika zina sudah merebak ditengah-tengah masyarakat, maka masyarakat itu menginginkan azab ditimpakan. Maka wajib menolak\xe2\x80\xa6'",Positive
"b'RT @IisNur_80: #Kaffah \xe2\x80\x94 Menilik isi Permen PPKS, tampak jelas pertentangannya dengan ajaran Islam dan membahayakan umat. Permen ini, jika\xe2\x80\xa6'",Negative
"b'RT @fahriajaoke: @AREAJULID Kalo menurutku kebanyakan yang kontra itu sebenarnya salah mengartikan tentang ""tanpa persetujuan"" padahal yang\xe2\x80\xa6'",Positive
b'RT @Arenduhh: KAMMI Daerah Gelar Aksi Tolak Permendikbud PPKS\nhttps://t.co/QnRqEJUTxq https://t.co/Dy2w8qothG',Negative
"b'RT @ravenmarsky: ""Kekerasan/paksaan adalah perbuatan yang dilakukan tanpa persetujuan korban. Kalau kata \'persetujuan\' dihapus, bagaimana m\xe2\x80\xa6'",Positive
b'RT @Kemenag_RI: Kementerian Agama mendukung kebijakan Kemendikbud Ristek terkait Pencegahan dan Penanganan Kekerasan Seksual (PPKS) di ling\xe2\x80\xa6',Positive
"b'RT @PPKS_ID: Kepala PPKS, Bapak Dr. M. Edwin Syahputra Lubis bersama Kepala Bagian Penelitian PPKS, Bapak Dr. Agus Susanto dan dua Peneliti\xe2\x80\xa6'",Positive
"b'RT @RinduSyariahid: #KomentarPolitik\n\nKontra PPKS Harus Dikaji!\n\nOleh : Ria Nurvika Ginting, SH., MH.\n\nSelengkapnya di https://t.co/MzLjJRu\xe2\x80\xa6'",Negative
b'RT @MCAOps: Kongres Pemuda Indonesia (KPI) akan melayangkan somasi kepada Kemendikbud Ristek RI terkait Permendikbud Nomor 30 tahun 2021 te\xe2\x80\xa6',Positive
b'RT @muslimahnewscom: Kritikan tersebut terkait dengan Permendikbudristek Nomor 30 Tahun 2021 tentang Pencegahan dan Penanganan Kekerasan Se\xe2\x80\xa6',Positive
b'RT @kyo_shiro007: @catchmeupid Lebih jelas stelah liat di podcast om dedy. Ad mas nadiem ma cinta laura jg. Poin utama mengacu pada maksud\xe2\x80\xa6',Positive
"b'RT @SammiSoh: Lihat generasi muda kita sekarang.\n\nGegara policy SBY NoEnemyPolicy, radikalisme dibiarkan tumbuh subur sehingga mahasiswa2 i\xe2\x80\xa6'",Negative
b'RT @airakusumas: Liputan @temponewsroom menulis tentang kasus Kekerasan Seksual di Lingkungan Kampus. Salah satunya dilakukan oleh Guru Bes\xe2\x80\xa6',Positive
"b'RT @kisbet_: Mahasiswa di Medan Demo Dukung Khilafah, Tuding Permendikbud PPKS Thogut https://t.co/rBX1UvXufv'",Negative
"b'RT @cecan_geulis: Mendikbud Ristek @nadiemmakarim menegaskan, ruang lingkup Peraturan Mendikbud Ristek (Permendikbud Ristek) Nomor 30 Tahun\xe2\x80\xa6'",Positive
"b'RT @muslimahnewscom: Mendikbudristek Nadiem Makarim, mengatakan Permen PPKS ini memang \xe2\x80\x9chanya\xe2\x80\x9d mengatur terkait kekerasan seksual, tetapi t\xe2\x80\xa6'",Positive
b'RT @LBHBWCC: Mendukung Permendikbud Ristek 30/2021 tentang PPKS di lingkungan perguruan tinggi. Permen ini menjadi langkah awal untuk melaw\xe2\x80\xa6',Positive
"b'RT @voidotid: Menteri Pendidikan, Kebudayaan, Riset dan Teknologi (Mendikbudristek) Nadiem Makarim menyambangi PBNU untuk memberi klarifika\xe2\x80\xa6'",Positive
b'RT @NadinHang: Menurut Mendikbud Ristek Nadiem Makarim\nsejumlah pihak masih salah mengartikan isi dari peraturan terkait pencegahan dan pen\xe2\x80\xa6',Positive
b'RT @muslimahnewscom: MuslimahNews \xe2\x80\x93 Apakah hadirnya Permen PPKS memang bisa menjadi penyelesaian efektif dan solutif bagi problem kekerasan\xe2\x80\xa6',Positive
"b'RT @muslimahnewscom: MuslimahNews \xe2\x80\x93 Bukankah membiarkan aktivitas seksual yang dilakukan dengan persetujuan dan tanpa pemaksaan, alias zina\xe2\x80\xa6'",Negative
"b'RT @muslimahnewscom: MuslimahNews \xe2\x80\x93 Mari saksikan Live Discussion MuslimahNewsCom dengan tema:\n\n""Permendikbud PPKS: Alat Pengokoh Paradigma\xe2\x80\xa6'",Negative
b'RT @muslimahnewscom: MuslimahNews \xe2\x80\x93 Sistem Islam akan menutup celah bagi aktivitas yang mengumbar aurat atau sensualitas di tempat umum. Se\xe2\x80\xa6',Positive
b'RT @Ranisor: Nadiem: Banyak yang Salah Mengartikan Permendikbud Ristek 30/2021\n Mendikbud Ristek; sejumlah pihak masih salah mengartikan is\xe2\x80\xa6',Positive
b'RT @mazzini_gsp: Nadiem Makarim bakal menurunkan akreditasi kampus yang tidak menjalankan Permendikbud Ristek nomor 30 tahun 2021 tentang P\xe2\x80\xa6',Positive
"b'RT @gadisrembulan_: Nadiem Makarim menegaskan, ruang lingkup Permendikbud Ristek Nomor 30 Tahun 2021 hanya mengatur soal kekerasan seksual.\xe2\x80\xa6'",Positive
b'RT @Beritasatu: Nadiem Makarim menyambangi PBNU untuk memberi klarifikasi sekaligus meminta masukan soal Permendikbudristek 30/2021\nBaca se\xe2\x80\xa6',Positive
"b'RT @kompascom: Nadiem menegaskan, ruang lingkup Permendikbud Ristek Nomor 30 Tahun 2021 hanya terkait kekerasan seksual, tak mengatur soal\xe2\x80\xa6'",Positive
"b'RT @kompascom: Nadiem menekankan, topik utama dari Permendikbud Ristek 30/2021 adalah pencegahan kekerasan seksual di lingkungan kampus. /\xe2\x80\xa6'",Positive
"b""RT @asumsico: Nahdlatul Ulama menyoroti polemik frasa 'tanpa persetujuan korban' dalam Permendikbud anti-kekerasan seksual yang dikeluarkan\xe2\x80\xa6""",Positive
"b'RT @muslimahnewscom: Namun, bagi yang kontra, seperti Lincolin Arsyad (Diktilitbang) Pimpinan Pusat Muhammadiyah berpendapat bahwa Permen P\xe2\x80\xa6'",Positive
"b'RT @Revenge00810455: @nadiemmakarim :\nBanyak Yang Salah Mengartikan Permendikbud Ristek 30/2021\n\nNadiem menekankan, topik utama dari Permen\xe2\x80\xa6'",Positive
"b'RT @BEM_FHUI: [IBARAT SALAH KERETA: MISKONSEPSI PERMENDIKBUDRISTEK PPKS]\n\nHalo, IKM FH UI!\n\nRaisha kecil manggut-manggut sok paham sambil m\xe2\x80\xa6'",Positive
b'RT @BEM_Udayana: [Kontroversi Permendikbud PPKS: Cegah atau Legalkan Zina?]\n\nMaraknya kasus kekerasan seksual di ruang lingkup pendidikan b\xe2\x80\xa6',Positive
b'RT @CakraWikara: [DENGAR SUARA MAHASISWA]\n\nSejak Kemdikbudristek mengesahkan Permen PPKS banyak perdebatan yang muncul. Terdapat pihak yang\xe2\x80\xa6',Negative
b'RT @SumaUI: [BERITA] \n\nStatuta UI dan Permendikbud Ristek tentang PPKS dalam Eksplorasi Calon MWA UI UM 2022 \n\nSelengkapnya dapat Sumates b\xe2\x80\xa6',Positive
"b'RT @RinduSyariahid: #Opini\n\nPermen PPKS: Menuju Kampus \xe2\x80\x9cBebas Merdeka\xe2\x80\x9d (?)\n\nPeraturan Menteri Pendidikan, Kebudayaan, Riset, dan Teknologi\xe2\x80\xa6'",Positive
"b'RT @identity_muslim: Padahal, seumur peradaban manusia, solusi yang didasarkan pada hukum ciptaan manusia hanya berujung pada persoalan bar\xe2\x80\xa6'",Positive
b'RT @glassyfaggy: Para kaum liberal anti komunis sebaiknya tidak usah heran mengapa kaum konservatif melakukan pemlintiran Permendikbudriste\xe2\x80\xa6',Negative
"b""RT @CNNIndonesia: PBNU Soroti 'Suka Sama Suka' di Permendikbud PPKS, Nadiem Menampung https://t.co/TDjF6tKs7s""",Positive
"b'RT @BEM_FHUI: Pembahasan mengenai miskonsepsi Permendikbudristek PPKS yang beredar luas di masyarakat dikemas dalam sebuah cerita pendek, p\xe2\x80\xa6'",Positive
"b'RT @prima_or_id: Penanganan kasus kekerasan seksual di kampus mendesak untuk diterapkan di lingkungan perguruan tinggi, agar kasus kekerasa\xe2\x80\xa6'",Positive
b'RT @sys_sa: Perawat \xf0\x9f\x98\x81\n#BabyBrightxKristSingto \n#\xe0\xb8\x99\xe0\xb8\xb1\xe0\xb8\x94CHILL\xe0\xb8\x9f\xe0\xb8\xb5\xe0\xb8\xa5FRIENDS 20.11.2021\n#KristPerawat https://t.co/HX4WvKPpVZ',Negative
b'RT @FairuzahUmmu: @TofaTofa_id Perlu dibuat permen PPKS utk lingkungan gereja gitu gak harusnya. Masak kampus saja?',Positive
"b'RT @FairuzahUmmu: @CNNIndonesia Perlukah permen PPKS diterapkan di lingkungan lembaga negara, agar korban mendapatkan perlindungan? Ternyat\xe2\x80\xa6'",Positive
"b'RT @CharlenneKayla: Permen PPKS bukan hanya untuk mahasiswa, tapi untuk seluruh sivitas akademika. Di kampus, kekerasan seksual bukan hanya\xe2\x80\xa6'",Positive
"b'RT @CharlenneKayla: Permen PPKS dibawa media jadi ribut-ribut elit banget, deh. Kayaknya pada lupa wawancara kelompok paling penting dalam\xe2\x80\xa6'",Negative
"b'RT @fadlizon: Permendikbud ini maksudnya baik, tapi pendekatannya liberal bukan Pancasilais yg relijius. Mungkin yg bikin kurang lama jd or\xe2\x80\xa6'",Negative
b'RT @mpeduliumat: PERMENDIKBUD NO 30 TAHUN 2021 BUKAN SOLUSI KEKERASAN SEKSUAL\n\nBaru saja permendikbud no 30 tahun 2021 mengenai pencegahan\xe2\x80\xa6',Positive
b'RT @FriendlyFrost: Permendikbud PPKS dirilis:\n\nSeks bebas makin menggila \xe2\x9c\x96\xef\xb8\x8f\xe2\x9c\x96\xef\xb8\x8f\xe2\x9c\x96\xef\xb8\x8f\nLaporan kekerasan seksual meningkat \xe2\x9c\x94\xef\xb8\x8f\xe2\x9c\x94\xef\xb8\x8f\xe2\x9c\x94\xef\xb8\x8f\n\nPredator kampus\xe2\x80\xa6',Negative
"b'RT @CNNIndonesia: Permendikbud PPKS menuai kecaman dari berbagai pihak karena dianggap melegalkan perzinaan. Menurut Nadiem, ia menerbitkan\xe2\x80\xa6'",Negative
"b'RT @TintaSiyasiID: Permendikbud Ristek PPKS, Advokat: Bukan Harapan Tetapi Ancaman\n\nhttps://t.co/PUgSwckIi2'",Negative
b'RT @HopeHelpsNet: Permendikbud-Ristek PPKS menjelaskan langkah awal penciptaan ruang aman di lingkungan kampus. Gimana sih caranya nyiptain\xe2\x80\xa6',Positive
"b'RT @dodhand: Permendikbud 30 thogut. \nTegakkan khilafah,"" kata orator aksi \nWoii .. nenek luh Pe\'ang \xe2\x80\xbc\xef\xb8\x8f\n\nhttps://t.co/HsBTJqnOuZ\n\nSejumlah\xe2\x80\xa6'",Negative
b'RT @MbahTo581809: *[Diskusi Publik] PERMENDIKBUDRISTEK NO. 30 TAHUN 2021 : LEGALKAN SEKS BEBAS?*\n\nDengan alasan mencegah kekerasan seksual\xe2\x80\xa6',Negative
b'RT @IDNTimesSulsel: Permendikbudristek PPKS jadi acuan dan payung hukum https://t.co/A7W31dTLmf',Positive
"b'RT @onomsalam2pas: Permendikbudristek PPKS, Penyelewengan Terhadap Konstitusi?  https://t.co/SfAhbRYheB ; ?&gt;\nCovid-19\n20 November 2021\nAda\xe2\x80\xa6'",Negative
b'RT @M3juahjuah: PermendikbudRistek PPKS untuk cegah kekerasan seksual.\n\nKH Husein Muhammad katakan Permendikbudristek PPKS ini penting.\nBel\xe2\x80\xa6',Positive
"b'RT @kompasiana: PPKS, Setetes Air di Tengah Gurun Kekerasan Seksual Tersembunyi Kampus https://t.co/jg1v2rsbqH'",Positive
b'RT @CNNIndonesia: Pro Kontra Permendikbud PPKS di Tengah Pandemi https://t.co/VpjKzI60Vt',Negative
b'RT @detikcom: Ratusan mahasiswa menggelar aksi demo di Kemendikbud menuntut pencabutan permendikbud no 30 tahun 2021 tentang Pencegahan dan\xe2\x80\xa6',Negative
"b'RT @fordoyoungkim: RUU PPKS diabaikan, Permendikbud 30 di kritik habis-habisan. Segitu gamaunya ngelindungin hak-hak perempuan? As if these\xe2\x80\xa6'",Negative
"b'RT @tifsembiring: Sebenarnya saat RUU PKS diajukan, poin2 yg mengarah kpd \xe2\x80\x98sexual consent\xe2\x80\x99 ini sangat dikritik tokoh2 masyarakat, sbg boleh\xe2\x80\xa6'",Negative
"b'RT @GunRomli: Seenaknya nuduh2 ""legalisasi perzinahan/free sex"" setelah dituding balik: hanya penjahat-penjahat kelamin krn menolak Permend\xe2\x80\xa6'",Positive
"b'RT @rudysarwa: Seharusnya mahasiswa yg mana punya akses pendidikan tinggi, seharusnya lebih uptodate pada science moderen.\nTapi mahsiswa ki\xe2\x80\xa6'",Positive
"b'RT @a_cinderakasih: Sejak pertengahan tahun dan sebelum permendikbud ppks, di kampus udah ada delik aduan. Meski enggak spesifik untuk keke\xe2\x80\xa6'",Positive
b'RT @detikcom: Sejumlah mahasiswa menggelar demonstrasi di Medan. Mereka meminta Permendikbudr PPKS di Lingkungan Perguruan Tinggi dicabut.\xe2\x80\xa6',Negative
"b'RT @GunRomli: Selain penjahat kelamin, penolak Permendikbudristek PPKS ini juga pendukung Khilafah!\n\nGema Pembebasan itu sayap Hizbut Tahri\xe2\x80\xa6'",Positive
"b'RT @kompascom: Sesungguhnya, pernikahan dini juga menjadi bahaya tersembunyi di tengah kehebohan polemik Permendikbud PPKS. https://t.co/6R\xe2\x80\xa6'",Positive
"b'RT @catchmeupid: Setelah menuai pro dan kontra, Permendikbud PPKS udah resmi berlaku nih gengs. \n\nMakin ke sini, ternyata makin banyak korb\xe2\x80\xa6'",Positive
"b'RT @cagubnyinyir2: TALIBAN DI MEDAN !\nMahasiswa Demo di Kantor DPRD Sumut Medan  Dukung Khilafah, Tuding Permendikbud 30 PPKS Thogut"", bawa\xe2\x80\xa6'",Positive
b'RT @MMC_IDN2: [Muslimah talk] Terbitnya Permendikbud No. 30 Thn 2021 tentang Pencegahan &amp; Penanganan Kekerasan Seksual  (PPKS) dipandang se\xe2\x80\xa6',Positive
b'RT @IDNTimesNTB: Tim satgas pencegahan PPKS diisi 50 persen dari mahasiswa https://t.co/QXBYNwWSMi',Positive
"b'RT @arusbaik_id: Yes! Permendikbud Ristek PPKS, Panen Dukungan Dari Semua Kalangan \n#ArusBaik \n#kekerasanseksual \n#pemerintah \nhttps://t.co\xe2\x80\xa6'",Positive
b'RT @Utara99912: Yth. Menkopolhukam @mohmahfudmd \n        Mendikbudristek @nadiemmakarim \n\nhttps://t.co/A8AIWLzqy6\n\nKita tentu tidak sedang\xe2\x80\xa6',Positive
b'RUU TPKS dan Permen PPKS itu sarat dengan liberalisasi kehidupan sosial dan kampus. Sudah cocok #gagalkanruutpks\xe2\x80\xa6 https://t.co/rCxt9fucLH',Negative
b'Said Aqil Minta Nadiem Segera Sempurnakan Permendikbud PPKS\n\nhttps://t.co/uEXtrDK0w1',Negative
"b'Sambangi PBNU, Nadiem Minta Masukan untuk Permendikbud PPKS https://t.co/kcJQCUrBnJ https://t.co/v9syw3qCuM'",Positive
b'Sampurasun Sobatnet istimewa..\nKemendikbud Ristek resmi mengesahkan Permendikbud No 30 Tahun 2021 tentang Pencegaha\xe2\x80\xa6 https://t.co/9xNKLuwYHD',Positive
b'Sasaran Permendikdubristek PPKS adalah mencegah dan menangani setidaknya sebelas kemungkinan kejadian kekerasan sek\xe2\x80\xa6 https://t.co/ulbdoqtnok',Positive
b'satgas dan nakes jadi semacam tumbal COVID.. bernasib spt petugas PPKS pemilu 2019',Negative
b'sawit PPKS https://t.co/qlnA0WIaqQ',Negative
"b'@okkymadasari Saya juga mendukung, mbak. Sy coba membuat artikel ini sebagai bahan ghibah teman2.\nhttps://t.co/wvEhP5dKG9'",Positive
b'Sebenarnya Pemerintah RI serius ga bubarkan kelompok pengusung Khilafah? Sekarang mereka Demo ganti Pancasila &amp; UUD\xe2\x80\xa6 https://t.co/09LMA8la9R',Negative
"b'Sebuah Telaah Mendalam: Ada Apa di Balik Permendikbud Ristek PPKS?\n\nOleh: Rahmiani Tiflen, S.Kep\n[Voice of Muslimah\xe2\x80\xa6 https://t.co/TbLt8Nedy7'",Positive
"b'Secara umum, kelompok pro Permendikbudristek PPKS mencapai 55% dari total netizen yang membahas isu ini.\xe2\x80\xa6 https://t.co/axZzoLCIPC'",Negative
"b'Seharusnya mahasiswa yg mana punya akses pendidikan tinggi, seharusnya lebih uptodate pada science moderen.\nTapi ma\xe2\x80\xa6 https://t.co/ggMBAfvDVG'",Positive
"b'Sejak pertengahan tahun dan sebelum permendikbud ppks, di kampus udah ada delik aduan. Meski enggak spesifik untuk\xe2\x80\xa6 https://t.co/YbrZChzLTY'",Positive
b'Sejumlah mahasiswa di Medan unjuk rasa meminta Permendikbudristek PPKS dicabut serta penegakkan khilafah. Komisi X\xe2\x80\xa6 https://t.co/P7QL8GFOAg',Negative
b'Sejumlah mahasiswa menggelar demonstrasi di Medan. Mereka meminta Permendikbudr PPKS di Lingkungan Perguruan Tinggi\xe2\x80\xa6 https://t.co/n4gE3vgaj1',Negative
"b'Selain penjahat kelamin, penolak Permendikbudristek PPKS ini juga pendukung Khilafah!\n\nGema Pembebasan itu sayap Hi\xe2\x80\xa6 https://t.co/w0obKr6b48'",Negative
b'Selamat malam #SobatSkanser. Apa aktivitas yang Sobat Skanser lakukan hari ini? \n\nDi sela-sela waktu PTMT di sekola\xe2\x80\xa6 https://t.co/WWKUmauUpc',Negative
b'selesai kontroversi PPKS Permendikbud\n\n#kiaisaid #buyasaid #saidaqil #ketumPBNU #MuktamarNU34  #MuktamarNU2021\xe2\x80\xa6 https://t.co/yJyAolBvH5',Negative
"b'Semalam, saya berkesempatan untuk menjadi pemantik diskusi panel terkait dengan urgensi Satgas PPKS di Universitas\xe2\x80\xa6 https://t.co/hSpm3EIhNr'",Positive
"b'Sementara itu, di media sosial terdapat 48.315 unggahan netizen tentang Permendikbudristek PPKS. Sebesar 76% netize\xe2\x80\xa6 https://t.co/CYj0psHBSU'",Positive
"b'Sesat Pikir PERMENDIKBUD RISTEK PPKS! Logikanya itu loh, udah tau jumlah pelaku kekerasan seksual banyak dari hasil\xe2\x80\xa6 https://t.co/U8rX3JhsEj'",Positive
"b'Sesat Pikir PERMENDIKBUD RISTEK PPKS! Logikanya itu loh, udah tau jumlah pelaku kekerasan seksual banyak dari pacar\xe2\x80\xa6 https://t.co/uPrNcPmdYN'",Positive
"b'Sesungguhnya, pernikahan dini juga menjadi bahaya tersembunyi di tengah kehebohan polemik Permendikbud PPKS. https://t.co/6RZVAsGwqU'",Positive
"b'Setelah menuai pro dan kontra, Permendikbud PPKS udah resmi berlaku nih gengs. \n\nMakin ke sini, ternyata makin bany\xe2\x80\xa6 https://t.co/9UxH8i4goq'",Positive
b'Sikap Bersama Desak Rektor UGM Implementasikan Permendikbud-Ristek PPKS di Lingkungan Kampus\xe2\x80\xa6 https://t.co/NahNU0li0D',Positive
b'Sikap Bersama Desak Rektor UGM Implementasikan Permendikbud-Ristek PPKS di Lingkungan\xc2\xa0Kampus https://t.co/DmYd3FDimP',Positive
b'https://t.co/zrl9Hyax0P\n\nOke. Soal Permendikbud ini NU dan Muhammadiyah sejalan. Bedanya harus diakui Muhammadiyah\xe2\x80\xa6 https://t.co/PUpE1u0imG',Positive
b'Soal Permendikbud PPKS \nAndi Akmal Harap Nadiem Dengerin Aspirasi Masyarakat\n\n#NadiemMakarim #ppks #permendikbud30\xe2\x80\xa6 https://t.co/Xl09krf1NJ',Positive
"b'@txtdaripmiilmg soal PPKS, kopri harus menjadi terdepan agar spkup soal kesetaraan ada wujudnya'",Positive
b'Sosialisai Peraturan Kemenristedikbud No 30 Tahun 2021 tentang Pencegahan dan Penanganan Kekerasan Seksual di Lingk\xe2\x80\xa6 https://t.co/u6HCe62bv6',Positive
"b'Suka sekali saat Nadiem Makarim berbicara tentang Permendikbud PPKS, beliau tidak pernah lupa bahwa laki-laki bukan\xe2\x80\xa6 https://t.co/4NFuqUwrv4'",Positive
b'Sumber: Vice Indonesia dan https://t.co/PcBZxiDEdl\nInfografik: Eilyn Zharfa Mazaya\n=================\xe2\x81\xa3\n#LPM\n#PPKS\xe2\x80\xa6 https://t.co/umFK4UNfQu',Negative
"b'Sungguh teramat sayang, suara mahasiswa terbelah dalam menyikapi kehadiran Permen PPKS. Berbeda dengan suara mahasi\xe2\x80\xa6 https://t.co/KZ1XTSAEwt'",Negative
"b'Sungguh teramat sayang, suara mahasiswa terbelah dalam menyikapi kehadiran Permen PPKS.Berbeda dengan suara mahasis\xe2\x80\xa6 https://t.co/6WF8v0sjsM'",Negative
b'@SoundOfYogi Sy ikut mendukung https://t.co/wvEhP5dKG9',Positive
"b'TALIBAN DI MEDAN !\nMahasiswa Demo di Kantor DPRD Sumut Medan  Dukung Khilafah, Tuding Permendikbud 30 PPKS Thogut"",\xe2\x80\xa6 https://t.co/ihrysqgbpc'",Positive
b'@wafflekies01 @bertanyarl tapi bukan berarti UU tsb menghalalkan having sex. Persoalan having sex akan dibahas pada\xe2\x80\xa6 https://t.co/f9MwHNKgSK',Positive
b'@erickthohir Tapi harga bibit kelapa sawit jenis unggul PPKS marihat terlalu tinggi pak @erickthohir \xf0\x9f\x99\x8f\xf0\x9f\x99\x8f',Negative
"b'Temui PBNU, Nadiem Makarim Klarifikasi dan Minta Masukan Terkait Permendikbud PPKS https://t.co/0XpRHqslvk'",Positive
"b'@PPKS_ID Terima kasih ppks.kebetulan kita baru tanam sawit exs karet gnti sawit 10 ha,bibit jenis D\xc3\x97P simalungun da\xe2\x80\xa6 https://t.co/lWQTO4E4y1'",Positive
"b'Thanks to pak nadiem karna udh membuat gojek, gomart, gosend, dll yang bikin hidup gue super mudah waktu dirantau,\xe2\x80\xa6 https://t.co/kgW5kiPQM5'",Negative
b'Tim satgas pencegahan PPKS diisi 50 persen dari mahasiswa https://t.co/QXBYNwWSMi',Positive
b'Tolak permen ppks\nhttps://t.co/Lsdvyw3oLu',Negative
"b'Tuding Permendikbud PPKS Thogut, Mahasiswa di Medan Demo Dukung Khilafah? https://t.co/884CiUMoGp'",Negative
"b'Tweeps, sebelum Permendibud-Ristek PPKS terbit, payung hukum untuk pencegahan kekerasan seksual di lingkungan kampu\xe2\x80\xa6 https://t.co/C1eHerMXMd'",Positive
b'Universitas Indonesia Dukung Implementasi Permendikbudristek PPKS https://t.co/7roOMyfbk6',Positive
b'Untuk melindungi korban kekerasan seksual di kampus https://t.co/b2m1hvK9W7',Positive
b'Upaya penolakan atau mementahkan tujuan dari pengaturan terkait kekerasan seksual seperti Permendikbud PPKS atau RU\xe2\x80\xa6 https://t.co/OZn5A4Y9Y5',Positive
b'UTS Bentuk Satgas PPKS https://t.co/ouahahAtm4',Positive
b'UU PPKS terus di tentang sedang kejadian kek gini terus berlalu lalang di timeline https://t.co/GXMLTKbNnV',Negative
"b'Uuppss! Kalo ini, bukan lagi soal tuntutannya yg aku lihat. \n\n*\nSalute atas eksistensi keberanian anak-anak Hizbut\xe2\x80\xa6 https://t.co/NTz1FfQ5Hj'",Negative
"b""vibes miak KV ppks :') , pemandangan tuk selalu di diat mekrg time weekend dolok https://t.co/aQy0bSKHkf""",Negative
"b'@evylagi Wahh ini yg pernah debat sama saya waktu rame2 Permendikbud PPKS. Saya bilang dia banyak logical fallacy, gak terima juga wkwkwk'",Negative
"b'Wait, aku baca qrt dengan replies memasing padah sikpenah diajar polah MoM kecuali masuk any kelab jak la . Maknany\xe2\x80\xa6 https://t.co/gJxGtlFwxG'",Negative
b'Walaupun saat ini telah ada Permendikbud Nomor 30 tahun 2021 tentang Pencegahan dan Penanganan Kekerasan Seksual (P\xe2\x80\xa6 https://t.co/UB5qXXE5lo',Positive
"b'walopun gagal jd asn di bawah kepemimpinan pak nadiem, saya bangga sekali sama permendikbud ppks. semoga makin bany\xe2\x80\xa6 https://t.co/jndC4yfkTx'",Positive
"b'WASPADA, PERMENDIKBUD PPKS : LIBERALISASI SEKSUAL MENYASAR INSTITUSI PT\n.\nhttps://t.co/OPwrphOk57 https://t.co/PnI1E9VXmN'",Negative
"b'WASPADA, PERMENDIKBUD PPKS : LIBERALISASI SEKSUAL MENYASAR INSTITUSI PT\n.\nhttps://t.co/m8jUOYPVec\n.\nNadiem Makarim\xe2\x80\xa6 https://t.co/tJDJwtbwEK'",Negative
"b'@Itachi87645291 @idextratime Wkwk ngaco RUU PKS aja gak disah sahin, permendikbu PPKS aja di goreng abis abisan sama bapack bapack'",Negative
"b'wkwkwkw ketemu ini di tgl 24 tp gapapa sih meski telat \xf0\x9f\x98\x82\n\nAlhamdulillah, masuk grand final. Alhamdulillah, winnerny\xe2\x80\xa6 https://t.co/tMbPTZZ4Hk'",Negative
"b'\xe2\x80\x9cBerarti kalau korban setuju, berarti boleh?\xe2\x80\x9d mungkin itu gambaran sederhananya.\nhttps://t.co/MWIBKw59Ij'",Negative
b'@cioberaccount @kitrsune @wafflekies01 @bertanyarl \xe2\x80\x93 negara dgn rakyat berketuhanan. Ada perundangan-undangan yg ng\xe2\x80\xa6 https://t.co/2u0paJPpxO',Negative
b'\xf0\x9f\x98\x80\xf0\x9f\x98\x80\xf0\x9f\x98\x80https://t.co/SSnwEmegLy\n\nSejumlah mahasiswa menggelar demonstrasi di Medan. Mereka meminta Permendikbudr PPKS di\xe2\x80\xa6 https://t.co/O1jJYrd9eL',Negative
"b'Yang belum baca tentang Permen PPKS, bisa dibaca ya threadnya\xf0\x9f\x92\x9c\n\nhttps://t.co/4hBIAYCjc8 https://t.co/hiuyhTgagp'",Positive
"b'@kyo_shiro007 @catchmeupid Yap setuju, pandanganku jg begini sih. Heran aja kok bisa berpikiran melegalkan zina? Ka\xe2\x80\xa6 https://t.co/S5l4d2217w'",Positive
"b'Yes! Permendikbud Ristek PPKS, Panen Dukungan Dari Semua Kalangan \n#ArusBaik \n#kekerasanseksual \n#pemerintah\xe2\x80\xa6 https://t.co/yUKJmOccAl'",Positive
b'@catchmeupid @barbieproletar Yg kontra sama permendiknud PPKS jangan2 mereka tau kalau diberlakukan mereka bakal terancam \xf0\x9f\x99\x88\xf0\x9f\x99\x88\xf0\x9f\x99\x88',Positive
b'Yth. Menkopolhukam @mohmahfudmd \n        Mendikbudristek @nadiemmakarim \n\nhttps://t.co/A8AIWLzqy6\n\nKita tentu tidak sedang bercanda.',Negative
b'Yuk pelajarin Permendikbudristek PPKS! https://t.co/BVXxxJaBop',Positive
